"siren","code_greffe","nom_greffe","numero_gestion","id_etablissement","status","origin","file_timestamp","date_greffe","libelle_evt","type","siege_pm","rcs_registre","adresse_ligne1","adresse_ligne2","adresse_ligne3","code_postal","ville","code_commune","pays","domiciliataire_nom","domiciliataire_siren","domiciliataire_greffe","domiciliataire_complement","siege_domicile_representant","nom_commercial","enseigne","activite_ambulante","activite_saisonniere","activite_non_sedentaire","date_debut_activite","activite","origine_fonds","origine_fonds_info","type_exploitation","csv_source"
"842729246","7801","Evry","2018A01858","2","","NEW","2018-11-16 09:42:00.000","2018-11-15 00:00:00.000","Etablissement ouvert","PRI","","","7B Rue des Francs Bourgeois","","","91450","Soisy-sur-Seine","91600","FRANCE","","","","","","BCG ENTREPRISES","","non","non","non","2018-10-01","Vente d'accessoires de mode sur internet.","Création","","Exploitation directe","7801_827_20181116_094200_8_ets.csv"
"842729246","7801","Evry","2018A01858","2","","NEW","2018-11-17 08:47:20.000","2018-11-15 00:00:00.000","Etablissement ouvert","PRI","","","7B Rue des Francs Bourgeois","","","91450","Soisy-sur-Seine","91600","FRANCE","","","","","","BCG ENTREPRISES","","non","non","non","2018-10-01","Vente d'accessoires de mode sur internet.","Création","","Exploitation directe","7801_829_20181117_084720_8_ets.csv"
"842729246","7801","Evry","2018A01858","2","","NEW","2018-11-23 09:10:56.000","2018-11-15 00:00:00.000","Etablissement ouvert","PRI","","","7B Rue des Francs Bourgeois","","","91450","Soisy-sur-Seine","91600","FRANCE","","","","","","BCG ENTREPRISES","","non","non","non","2018-10-01","Vente d'accessoires de mode sur internet.","Création","","Exploitation directe","7801_837_20181123_091056_8_ets.csv"
"842729246","7801","Evry","2018A01858","2","","NEW","2018-12-19 09:02:09.000","2018-11-15 00:00:00.000","Etablissement ouvert","PRI","","","7B Rue des Francs Bourgeois","","","91450","Soisy-sur-Seine","91600","FRANCE","","","","","","BCG ENTREPRISES","","non","non","non","2018-10-01","Vente d'accessoires de mode sur internet.","Création","","Exploitation directe","7801_872_20181219_090209_8_ets.csv"
"842729261","7801","Evry","2018A01627","2","","NEW","2018-10-16 08:35:35.000","2018-10-11 00:00:00.000","Etablissement ouvert","PRI","","","7 Bis Avenue Général Leclerc"," Bâtiment les Hêtres","","91330","Yerres","91691","FRANCE","","","","","","TILOTTAMA","","non","non","non","2018-09-28","Vente d'accessoires de mode, petit artisanat et création en ligne de prêt à porter ciblée sur certains articles.","Création","","Exploitation directe","7801_783_20181016_083535_8_ets.csv"
"842729261","7801","Evry","2018A01627","2","","NEW","2018-10-18 08:50:20.000","2018-10-11 00:00:00.000","Etablissement ouvert","PRI","","","7 Bis Avenue Général Leclerc"," Bâtiment les Hêtres","","91330","Yerres","91691","FRANCE","","","","","","TILOTTAMA","","non","non","non","2018-09-28","Vente d'accessoires de mode, petit artisanat et création en ligne de prêt à porter ciblée sur certains articles.","Création","","Exploitation directe","7801_788_20181018_085020_8_ets.csv"
"842729261","7801","Evry","2018A01627","2","","NEW","2018-11-16 09:42:59.000","2018-10-11 00:00:00.000","Etablissement ouvert","PRI","","","7 Bis Avenue Général Leclerc"," Bâtiment les Hêtres","","91330","Yerres","91691","FRANCE","","","","","","TILOTTAMA","","non","non","non","2018-09-28","Vente d'accessoires de mode, petit artisanat et création en ligne de prêt à porter ciblée sur certains articles.","Création","","Exploitation directe","7801_828_20181116_094259_8_ets.csv"
"842729261","7801","Evry","2018A01627","2","","NEW","2018-11-21 08:53:34.000","2018-10-11 00:00:00.000","Etablissement ouvert","PRI","","","7 Bis Avenue Général Leclerc"," Bâtiment les Hêtres","","91330","Yerres","91691","FRANCE","","","","","","TILOTTAMA","","non","non","non","2018-09-28","Vente d'accessoires de mode, petits objets de décoration. ","Création","","Exploitation directe","7801_834_20181121_085334_8_ets.csv"
"842729436","9301","Bobigny","2018A03131","2","","NEW","2018-10-09 08:50:37.000","2018-10-05 00:00:00.000","Etablissement ouvert","PRI","","","11 Rue gaston dourdin","","","93200","Saint-Denis","93066","FRANCE","","","","","","","","non","non","non","2018-10-03","Livraison de repas et de course a domicile à vélo. ","Création","","Exploitation directe","9301_906_20181009_085037_8_ets.csv"
"842729436","9301","Bobigny","2018A03131","2","","NEW","2018-10-11 08:33:46.000","2018-10-05 00:00:00.000","Etablissement ouvert","PRI","","","11 Rue gaston dourdin","","","93200","Saint-Denis","93066","FRANCE","","","","","","","","non","non","non","2018-10-03","Livraison de repas et de course a domicile à vélo. ","Création","","Exploitation directe","9301_910_20181011_083346_8_ets.csv"
"842729451","1303","Marseille","2019A03436","2","","NEW","2019-10-16 09:11:54.000","2019-10-15 00:00:00.000","Etablissement ouvert","PRI","","","19 Rue du Musée","","","13001","Marseille","13201","FRANCE","TAMEL","752540831","Marseille","97 Rue Sauveur Tobelem     13007 Marseille","","ACHI IMAN","","non","non","non","2019-10-03","Vente et achat de produits non règlementée en ligne. ","Création","","Exploitation directe","1303_1320_20191016_091154_8_ets.csv"
"842729477","5001","Cherbourg","2018B00249","1","","NEW","2018-10-05 09:30:44.000","2018-10-04 00:00:00.000","Etablissement ouvert","SEP","","","","14 Maticat","","50340","Sotteville","50580","FRANCE","","","","","","","","non","non","non","2018-10-01","Plomberie, chauffage, électricité, construction, métallique","Création","","Exploitation directe","5001_368_20181005_093044_8_ets.csv"
"842729477","5001","Cherbourg","2018B00249","1","","NEW","2018-10-23 08:47:58.000","2018-10-04 00:00:00.000","Etablissement ouvert","SEP","","","","14 Maticat","","50340","Sotteville","50580","FRANCE","","","","","","","","non","non","non","2018-10-01","Plomberie, chauffage, électricité, construction, métallique","Création","","Exploitation directe","5001_380_20181023_084758_8_ets.csv"
"842729485","7802","Pontoise","2018D01241","1","","NEW","2018-10-16 08:40:31.000","2018-10-15 00:00:00.000","Etablissement ouvert","SIE","","","16 BIS Rue DU CHEMIN DES DAMES","","","95400","Arnouville-lès-Gonesse","95019","FRANCE","","","","","","","","","","","","","","","","7802_756_20181016_084031_8_ets.csv"
"842729485","7802","Pontoise","2018D01241","2","","NEW","2018-10-16 08:40:31.000","2018-10-15 00:00:00.000","Etablissement ouvert","PRI","","","16 BIS Rue DU CHEMIN DES DAMES","","","95400","Arnouville-lès-Gonesse","95019","FRANCE","","","","","","","","non","non","non","2018-10-01","Activités agricoles définies par l'article L311-1 du code rural","Création","","Exploitation directe","7802_756_20181016_084031_8_ets.csv"
"842729501","2903","Quimper","2018B00667","1","","NEW","2018-10-04 08:40:37.000","2018-10-03 00:00:00.000","Etablissement ouvert","SEP","","","","13 route de Pont l'Abbé","","29000","Quimper","29232","FRANCE","","","","","","","","non","non","non","2018-09-10","Restauration rapide sur place et à emporter (sans alcool)","Création","","Exploitation directe","2903_348_20181004_084037_8_ets.csv"
"842729501","2903","Quimper","2018B00667","1","","NEW","2018-10-11 08:55:20.000","2018-10-03 00:00:00.000","Etablissement ouvert","SEP","","","","13 route de Pont l'Abbé","","29000","Quimper","29232","FRANCE","","","","","","","","non","non","non","2018-09-10","Restauration rapide sur place et à emporter (sans alcool)","Création","","Exploitation directe","2903_353_20181011_085520_8_ets.csv"
"842729501","2903","Quimper","2018B00667","1","","NEW","2018-10-20 08:38:45.000","2018-10-03 00:00:00.000","Etablissement ouvert","SEP","","","","13 route de Pont l'Abbé","","29000","Quimper","29232","FRANCE","","","","","","","","non","non","non","2018-09-10","Restauration rapide sur place et à emporter (sans alcool)","Création","","Exploitation directe","2903_360_20181020_083845_8_ets.csv"
"842729519","2104","Dijon","2018A00837","1","","NEW","2018-10-05 08:47:05.000","2018-10-04 00:00:00.000","Etablissement ouvert","PRI","","","","7 rue Castelnau","","21000","Dijon","21231","FRANCE","","","","","","KHATER INDUSTRY","","non","non","non","2018-09-22","Vente de prêt à porter","Création","","Exploitation personnelle","2104_356_20181005_084705_8_ets.csv"
"842729519","2104","Dijon","2018A00837","1","","NEW","2018-10-13 08:33:16.000","2018-10-04 00:00:00.000","Etablissement ouvert","PRI","","","","7 rue Castelnau","","21000","Dijon","21231","FRANCE","","","","","","KHATER INDUSTRY","","non","non","non","2018-09-22","Vente de prêt à porter","Création","","Exploitation personnelle","2104_362_20181013_083316_8_ets.csv"
"842729527","702","Aubenas","2018A00668","1","","NEW","2018-10-25 08:46:47.000","2018-10-24 00:00:00.000","Etablissement ouvert","PRI","","","","136 Rue des Cévennes","","07500","Guilherand-Granges","07102","France","","","","","","Hify.fr","","non","non","non","2018-10-04","Achat/vente de matériel hifi et audiovisuel, location de matériel hifi.","Création","","Exploitation directe","0702_376_20181025_084647_8_ets.csv"
"842729527","702","Aubenas","2018A00668","1","","NEW","2019-05-22 11:08:39.000","2018-10-24 00:00:00.000","Etablissement ouvert","PRI","","","","136 Rue des Cévennes","","07500","Guilherand-Granges","07102","FRANCE","","","","","","Hify.fr","","non","non","non","2018-10-04","Achat/vente de matériel hifi et audiovisuel, location de matériel hifi.","Création","","Exploitation directe","0702_554_20190522_110839_8_ets.csv"
"842729535","702","Aubenas","2018B00614","1","","NEW","2018-10-09 08:57:34.000","2018-10-08 00:00:00.000","Etablissement ouvert","SIE","","","","les Arcis","","07470","Issarlès","07106","France","","","","","","","","","","","","","","","","0702_364_20181009_085734_8_ets.csv"
"842729535","702","Aubenas","2018B00614","1","","NEW","2019-04-27 09:00:27.000","2018-10-08 00:00:00.000","Etablissement ouvert","SIE","","","","les Arcis","","07470","Issarlès","07106","France","","","","","","","","","","","","","","","","0702_509_20190427_090027_8_ets.csv"
"842729535","702","Aubenas","2018B00614","1","","NEW","2019-05-22 11:11:03.000","2018-10-08 00:00:00.000","Etablissement ouvert","SEP","","","les Arcis","","","07470","Issarlès","07106","FRANCE","","","","","","","","non","non","non","2018-09-15","Achat et vente de tout véhicule terrestre à moteur, de machines à outils, achat et vente de métaux ferreux et non ferreux.","Création","","Exploitation directe","0702_558_20190522_111103_8_ets.csv"
"842729535","702","Aubenas","2018B00614","1","","NEW","2019-06-05 09:36:59.000","2018-10-08 00:00:00.000","Etablissement ouvert","SEP","","","les Arcis","","","07470","Issarlès","07106","FRANCE","","","","","","","","non","non","non","2018-09-15","Achat et vente de tout véhicule terrestre à moteur, de machines à outils, achat et vente de métaux ferreux et non ferreux.","Création","","Exploitation directe","0702_602_20190605_093659_8_ets.csv"
"842729535","702","Aubenas","2018B00614","2","","NEW","2018-10-09 08:57:34.000","2018-10-08 00:00:00.000","Etablissement ouvert","PRI","","","","les Arcis","","07470","Issarlès","07106","France","","","","","","","","non","non","non","2018-09-15","Achat et vente de tout véhicule terrestre à moteur, de machines à outils, achat et vente de métaux ferreux et non ferreux.","Création","","Exploitation directe","0702_364_20181009_085734_8_ets.csv"
"842729535","702","Aubenas","2018B00614","2","","NEW","2019-04-27 09:00:27.000","2018-10-08 00:00:00.000","Etablissement ouvert","PRI","","","","les Arcis","","07470","Issarlès","07106","France","","","","","","","","non","non","non","2018-09-15","Achat et vente de tout véhicule terrestre à moteur, de machines à outils, achat et vente de métaux ferreux et non ferreux.","Création","","Exploitation directe","0702_509_20190427_090027_8_ets.csv"
"842729543","702","Aubenas","2018B00610","1","","NEW","2018-10-05 08:49:50.000","2018-10-04 00:00:00.000","Etablissement ouvert","SIE","","","","3 Place de l'Hôtel de Ville","","07200","Aubenas","07019","France","","","","","","","","","","","","","","","","0702_362_20181005_084950_8_ets.csv"
"842729543","702","Aubenas","2018B00610","1","","NEW","2018-10-17 08:30:49.000","2018-10-04 00:00:00.000","Etablissement ouvert","SIE","","","","3 Place de l'Hôtel de Ville","","07200","Aubenas","07019","France","","","","","","","","","","","","","","","","0702_370_20181017_083049_8_ets.csv"
"842729543","702","Aubenas","2018B00610","1","","NEW","2018-12-21 09:12:08.000","2018-10-04 00:00:00.000","Etablissement ouvert","SIE","","","","3 Place de l'Hôtel de Ville","","07200","Aubenas","07019","France","","","","","","","","","","","","","","","","0702_418_20181221_091208_8_ets.csv"
"842729543","702","Aubenas","2018B00610","1","","NEW","2019-05-22 12:00:50.000","2018-10-04 00:00:00.000","Etablissement ouvert","SEP","","","","3 Place de l'Hôtel de Ville","","07200","Aubenas","07019","FRANCE","","","","","","","","non","non","non","2018-10-01","Restauration traditionnelle.","Achat"," - Précédent exploitant - LE PRnVnTn","Exploitation directe","0702_585_20190522_120050_8_ets.csv"
"842729543","702","Aubenas","2018B00610","1","","NEW","2019-06-05 09:36:59.000","2018-10-04 00:00:00.000","Etablissement ouvert","SEP","","","","3 Place de l'Hôtel de Ville","","07200","Aubenas","07019","FRANCE","","","","","","","","non","non","non","2018-10-01","Restauration traditionnelle.","Achat"," - Précédent exploitant - LE PRnVnTn","Exploitation directe","0702_602_20190605_093659_8_ets.csv"
"842729543","702","Aubenas","2018B00610","2","","NEW","2018-10-05 08:49:50.000","2018-10-04 00:00:00.000","Etablissement ouvert","PRI","","","","3 Place de l'Hôtel de Ville","","07200","Aubenas","07019","France","","","","","","","","non","non","non","2018-10-01","Restauration traditionnelle.","Création","","Exploitation directe","0702_362_20181005_084950_8_ets.csv"
"842729543","702","Aubenas","2018B00610","2","","NEW","2018-10-17 08:30:49.000","2018-10-04 00:00:00.000","Etablissement ouvert","PRI","","","","3 Place de l'Hôtel de Ville","","07200","Aubenas","07019","France","","","","","","","","non","non","non","2018-10-01","Restauration traditionnelle.","Création","","Exploitation directe","0702_370_20181017_083049_8_ets.csv"
"842729543","702","Aubenas","2018B00610","2","","NEW","2018-12-21 09:12:08.000","2018-10-04 00:00:00.000","Etablissement ouvert","PRI","","","","3 Place de l'Hôtel de Ville","","07200","Aubenas","07019","France","","","","","","","","non","non","non","2018-10-01","Restauration traditionnelle.","Achat"," - Précédent exploitant - LE PRÉVÔTÉ","Exploitation directe","0702_418_20181221_091208_8_ets.csv"
"842729758","3601","Châteauroux","2019A00117","1","","NEW","2019-04-04 09:07:49.000","2019-04-03 00:00:00.000","Etablissement ouvert","PRI","","","","1 la Caillaudiere","","36130","Diors","36064","FRANCE","","","","","","C & ZEN","","non","non","non","2019-04-01","Esthétique vente de produits cosmétiques","Création","","Exploitation personnelle","3601_494_20190404_090749_8_ets.csv"
"842729758","3601","Châteauroux","2019A00117","1","","NEW","2019-04-05 09:03:35.000","2019-04-03 00:00:00.000","Etablissement ouvert","PRI","","","","1 la Caillaudiere","","36130","Diors","36064","FRANCE","","","","","","C & ZEN","","non","non","non","2019-04-01","Esthétique vente de produits cosmétiques","Création","","Exploitation personnelle","3601_495_20190405_090335_8_ets.csv"
"842729758","3601","Châteauroux","2019A00117","1","","NEW","2019-04-20 09:17:22.000","2019-04-03 00:00:00.000","Etablissement ouvert","PRI","","","","1 la Caillaudiere","","36130","Diors","36064","FRANCE","","","","","","C & ZEN","","non","non","non","2019-04-01","Esthétique vente de produits cosmétiques","Création","","Exploitation personnelle","3601_507_20190420_091722_8_ets.csv"
"842729782","7608","Rouen","2018D00625","1","","NEW","2018-10-06 08:30:03.000","2018-10-05 00:00:00.000","Etablissement ouvert","SEP","","","","527 rue Félix Faure","","76320","Caudebec-lès-Elbeuf","76165","FRANCE","","","","","","","","non","non","non","2018-09-21","L'acquisition, l'administration et l'exploitation par bail, location ou autrement de tous les immeubles bâtis ou non bâtis dont la société pourrait devenir propriétaire par voie d'acquisition, d'apport, d'échange ou autrement. Et plus généralement, toutes opérations pouvant se rattacher, directement ou indirectement, à l'objet ci-dessus défini, pourvu que ces opérations ne modifient pas le caractère civil de la société.","Création","","Exploitation directe","7608_418_20181006_083003_8_ets.csv"
"842729782","7608","Rouen","2018D00625","1","","NEW","2018-10-13 08:50:37.000","2018-10-05 00:00:00.000","Etablissement ouvert","SEP","","","","527 rue Félix Faure","","76320","Caudebec-lès-Elbeuf","76165","FRANCE","","","","","","","","non","non","non","2018-09-21","L'acquisition, l'administration et l'exploitation par bail, location ou autrement de tous les immeubles bâtis ou non bâtis dont la société pourrait devenir propriétaire par voie d'acquisition, d'apport, d'échange ou autrement. Et plus généralement, toutes opérations pouvant se rattacher, directement ou indirectement, à l'objet ci-dessus défini, pourvu que ces opérations ne modifient pas le caractère civil de la société.","Création","","Exploitation directe","7608_424_20181013_085037_8_ets.csv"
"842729782","7608","Rouen","2018D00625","1","","NEW","2018-10-16 09:13:18.000","2018-10-05 00:00:00.000","Etablissement ouvert","SEP","","","","527 rue Félix Faure","","76320","Caudebec-lès-Elbeuf","76165","FRANCE","","","","","","","","non","non","non","2018-09-21","L'acquisition, l'administration et l'exploitation par bail, location ou autrement de tous les immeubles bâtis ou non bâtis dont la société pourrait devenir propriétaire par voie d'acquisition, d'apport, d'échange ou autrement. Et plus généralement, toutes opérations pouvant se rattacher, directement ou indirectement, à l'objet ci-dessus défini, pourvu que ces opérations ne modifient pas le caractère civil de la société.","Création","","Exploitation directe","7608_426_20181016_091318_8_ets.csv"
"842730012","7801","Evry","2018A01678","2","","NEW","2018-10-19 11:04:37.000","2018-10-18 00:00:00.000","Etablissement ouvert","PRI","","","7 Allée Debussy","","","91270","Vigneux-sur-Seine","91657","FRANCE","","","","","","MABOO","","non","non","non","2018-10-01","Vente de vêtements.","Création","","Exploitation directe","7801_790_20181019_110437_8_ets.csv"
"842730103","6002","Compiègne","2018A00655","1","","NEW","2018-12-15 08:48:49.000","2018-12-05 00:00:00.000","Etablissement ouvert","PRI","","","","188 Rue louis blanc","","60100","Creil","60175","FRANCE","","","","","","","","non","non","non","2018-11-23","Service de livraisons à domicile à vélo de produits alimentaires sans préparation de repas","Création","","Exploitation directe","6002_818_20181215_084849_8_ets.csv"
"842730103","6002","Compiègne","2018A00655","1","","NEW","2018-12-18 08:48:41.000","2018-12-05 00:00:00.000","Etablissement ouvert","PRI","","","","188 Rue louis blanc","","60100","Creil","60175","FRANCE","","","","","","","","non","non","non","2018-11-23","Service de livraisons à domicile à vélo de produits alimentaires sans préparation de repas","Création","","Exploitation directe","6002_819_20181218_084841_8_ets.csv"
"842730277","9301","Bobigny","2019A01989","2","","NEW","2019-05-23 09:07:53.000","2019-05-20 00:00:00.000","Etablissement ouvert","PRI","","","15 Allée du Professeur Monod","","","93600","Aulnay-sous-Bois","93005","FRANCE","","","","","","","","non","non","non","2019-04-15","E-commerce : vente de livres auto-édités et cahiers de coloriage","Création","","Exploitation directe","9301_1328_20190523_090753_8_ets.csv"
"842730277","9301","Bobigny","2019A01989","2","","NEW","2019-05-25 09:09:06.000","2019-05-20 00:00:00.000","Etablissement ouvert","PRI","","","15 Allée du Professeur Monod","","","93600","Aulnay-sous-Bois","93005","FRANCE","","","","","","","","non","non","non","2019-04-15","E-commerce : vente de livres auto-édités et cahiers de coloriage","Création","","Exploitation directe","9301_1335_20190525_090906_8_ets.csv"
"842730327","7001","Vesoul","2018A00323","1","","NEW","2018-10-04 09:37:00.000","2018-10-03 00:00:00.000","Etablissement ouvert","PRI","","","","28 Grande Rue","","70000","Chariez","70134","FRANCE","","","","","","","","non","non","non","2018-10-12","Achat et vente de matériel informatique.","Création","","Exploitation personnelle","7001_373_20181004_093700_8_ets.csv"
"842730327","7001","Vesoul","2018A00323","1","","NEW","2018-10-17 08:31:54.000","2018-10-03 00:00:00.000","Etablissement ouvert","PRI","","","","28 Grande Rue","","70000","Chariez","70134","FRANCE","","","","","","","","non","non","non","2018-10-12","Achat et vente de matériel informatique.","Création","","Exploitation personnelle","7001_383_20181017_083154_8_ets.csv"
"842730335","4502","Orléans","2018A01093","1","","NEW","2018-10-10 08:52:55.000","2018-10-09 00:00:00.000","Etablissement ouvert","PRI","","","2374 avenue de la Pomme de Pin","BP 30","","45100","Orléans","45234","France","","","","","","","","non","non","non","2018-09-27","Commerce de marchandises diverses alimentaires et non alimentaires sur marchés, foires, brocantes, vide greniers et galeries commerciales et et en porte à porter.","Création","","Exploitation directe","4502_374_20181010_085255_8_ets.csv"
"842730343","7801","Evry","2018A01572","2","","NEW","2018-10-04 08:52:33.000","2018-10-02 00:00:00.000","Etablissement ouvert","PRI","","","3 Rue des Grouettes","","","91700","SAINTE GENEVIEVE DES BOIS","91549","FRANCE","","","","","","RIKARDO AUTO OCCASION","","non","non","non","2018-08-28","Achat et vente de véhicules d'occasion.","Création","","Exploitation directe","7801_767_20181004_085233_8_ets.csv"
"842730343","7801","Evry","2018A01572","2","","NEW","2018-10-06 09:34:52.000","2018-10-02 00:00:00.000","Etablissement ouvert","PRI","","","3 Rue des Grouettes","","","91700","SAINTE GENEVIEVE DES BOIS","91549","FRANCE","","","","","","RIKARDO AUTO OCCASION","","non","non","non","2018-08-28","Achat et vente de véhicules d'occasion.","Création","","Exploitation directe","7801_772_20181006_093452_8_ets.csv"
"842730350","1101","Carcassonne","2018A00482","1","","NEW","2018-10-05 09:53:27.000","2018-10-04 00:00:00.000","Etablissement ouvert","PRI","","","","chemin Prat de Jacques","","11250","Greffeil","11169","FRANCE","","","","","","","","non","non","non","2018-10-01","Soins esthétiques à domicile - vente de produits - formation","Création","","Exploitation personnelle","1101_356_20181005_095327_8_ets.csv"
"842730350","1101","Carcassonne","2018A00482","1","","NEW","2018-10-17 08:51:54.000","2018-10-04 00:00:00.000","Etablissement ouvert","PRI","","","","chemin Prat de Jacques","","11250","Greffeil","11169","FRANCE","","","","","","","","non","non","non","2018-10-01","Soins esthétiques à domicile - vente de produits - formation","Création","","Exploitation personnelle","1101_364_20181017_085154_8_ets.csv"
"842730525","3402","Béziers","2018A00895","1","","NEW","2018-10-11 08:49:09.000","2018-10-10 00:00:00.000","Etablissement ouvert","PRI","","","","13 rue Guilhemon","","34500","Béziers","34032","FRANCE","","","","","","","","non","non","non","2018-10-15","Restauration traditionnelle sur place et à emporter vente de boissons sans alcool","Création","","Exploitation directe","3402_360_20181011_084909_8_ets.csv"
"842730525","3402","Béziers","2018A00895","1","","NEW","2018-10-20 08:58:37.000","2018-10-10 00:00:00.000","Etablissement ouvert","PRI","","","","13 rue Guilhemon","","34500","Béziers","34032","FRANCE","","","","","","","","non","non","non","2018-10-15","Restauration traditionnelle sur place et à emporter vente de boissons sans alcool","Création","","Exploitation directe","3402_367_20181020_085837_8_ets.csv"
"842730558","7608","Rouen","2018B01301","1","","NEW","2018-10-04 09:26:43.000","2018-10-02 00:00:00.000","Etablissement ouvert","SEP","","","","Zone d'Activités du Bois Bocquet","","76410","Sotteville-sous-le-Val","76682","FRANCE","","","","","","DjimiAutoPieces76-27","DjimiAutoPieces76-27","non","non","non","2018-09-21","Le commerce de voitures et de véhicules automobiles légers comprenant l'achat, la revente, l'importation et l'exportation de véhicules neufs et/ou d'occasion en France et à l'étranger. Le commerce de pièces détachées et autres ventes liées.","Création","","Exploitation directe","7608_416_20181004_092643_8_ets.csv"
"842730558","7608","Rouen","2018B01301","1","","NEW","2018-10-09 09:08:10.000","2018-10-02 00:00:00.000","Etablissement ouvert","SEP","","","","Zone d'Activités du Bois Bocquet","","76410","Sotteville-sous-le-Val","76682","FRANCE","","","","","","DjimiAutoPieces76-27","DjimiAutoPieces76-27","non","non","non","2018-09-21","Le commerce de voitures et de véhicules automobiles légers comprenant l'achat, la revente, l'importation et l'exportation de véhicules neufs et/ou d'occasion en France et à l'étranger. Le commerce de pièces détachées et autres ventes liées.","Création","","Exploitation directe","7608_420_20181009_090810_8_ets.csv"
"842730558","7608","Rouen","2018B01301","1","","NEW","2018-10-11 08:52:53.000","2018-10-02 00:00:00.000","Etablissement ouvert","SEP","","","","Zone d'Activités du Bois Bocquet","","76410","Sotteville-sous-le-Val","76682","FRANCE","","","","","","DjimiAutoPieces76-27","DjimiAutoPieces76-27","non","non","non","2018-09-21","Le commerce de voitures et de véhicules automobiles légers comprenant l'achat, la revente, l'importation et l'exportation de véhicules neufs et/ou d'occasion en France et à l'étranger. Le commerce de pièces détachées et autres ventes liées.","Création","","Exploitation directe","7608_422_20181011_085253_8_ets.csv"
"842730566","2702","Evreux","2018B01073","2","","NEW","2018-12-07 09:26:15.000","2018-12-06 00:00:00.000","Etablissement ouvert","PRI","","","1 Voie de l'Innovation"," Bâtiment D- Pharma-Parc II","","27100","Val-de-Reuil","27701","FRANCE","","","","","","","","non","non","non","2018-10-01","La recherche et le développement en matière de production de protéines Recombinantes dont des médicaments","Création","","Exploitation directe","2702_785_20181207_092615_8_ets.csv"
"842730566","2702","Evreux","2018B01073","2","","NEW","2018-12-19 09:11:47.000","2018-12-06 00:00:00.000","Etablissement ouvert","PRI","","","1 Voie de l'Innovation"," Bâtiment D- Pharma-Parc II","","27100","Val-de-Reuil","27701","FRANCE","","","","","","","","non","non","non","2018-10-01","La recherche et le développement en matière de production de protéines Recombinantes dont des médicaments","Création","","Exploitation directe","2702_801_20181219_091147_8_ets.csv"
"842730566","2702","Evreux","2018B01073","2","","NEW","2019-10-09 09:04:13.000","2018-12-06 00:00:00.000","Etablissement ouvert","SEP","","","Bâtiment d-Pharma-Parc II","1 Voie de l'Innovation","","27100","Val-de-Reuil","27701","FRANCE","","","","","","","","non","non","non","2018-10-01","La recherche et le développement en matière de production de protéines recombinantes dont des médicaments","Création","","Exploitation directe","2702_1188_20191009_090413_8_ets.csv"
"842730566","7608","Rouen","2018B01300","0","","NEW","2018-10-04 09:26:43.000","2018-10-02 00:00:00.000","Etablissement ouvert","SIE","","","","61 rue Chasselièvre","","76000","Rouen","76540","FRANCE","","","","","","","","","","","","","","","","7608_416_20181004_092643_8_ets.csv"
"842730566","7608","Rouen","2018B01300","0","","NEW","2018-10-09 09:08:10.000","2018-10-02 00:00:00.000","Etablissement ouvert","SIE","","","","61 rue Chasselièvre","","76000","Rouen","76540","FRANCE","","","","","","","","","","","","","","","","7608_420_20181009_090810_8_ets.csv"
"842730566","7608","Rouen","2018B01300","0","","NEW","2018-10-31 08:37:11.000","2018-10-02 00:00:00.000","Etablissement ouvert","SIE","","","","61 rue Chasselièvre","","76000","Rouen","76540","FRANCE","","","","","","","","","","","","","","","","7608_438_20181031_083711_8_ets.csv"
"842730566","7608","Rouen","2018B01300","0","","NEW","2018-12-11 08:58:49.000","2018-10-02 00:00:00.000","Etablissement ouvert","SIE","","","","61 rue Chasselièvre","","76000","Rouen","76540","FRANCE","","","","","","","","","","","","","","","","7608_476_20181211_085849_8_ets.csv"
"842730566","7608","Rouen","2018B01300","0","","NEW","2019-10-10 09:25:43.000","2018-10-02 00:00:00.000","Etablissement ouvert","SIE","","","","61 rue Chasselièvre","","76000","Rouen","76540","FRANCE","","","","","","","","","","","","","","","","7608_722_20191010_092543_8_ets.csv"
"842730574","7608","Rouen","2018B01294","0","","NEW","2018-10-04 09:26:43.000","2018-10-01 00:00:00.000","Etablissement ouvert","SIE","","","","22 rue du Docteur Semmelweis","Centre commercial les Bleuets","76800","Saint-Etienne-du-Rouvray","76575","FRANCE","","","","","","","","","","","","","","","","7608_416_20181004_092643_8_ets.csv"
"842730574","7608","Rouen","2018B01294","0","","NEW","2018-10-09 09:08:10.000","2018-10-01 00:00:00.000","Etablissement ouvert","SIE","","","","22 rue du Docteur Semmelweis","Centre commercial les Bleuets","76800","Saint-Etienne-du-Rouvray","76575","FRANCE","","","","","","","","","","","","","","","","7608_420_20181009_090810_8_ets.csv"
"842730574","7608","Rouen","2018B01294","0","","NEW","2018-10-25 08:31:11.000","2018-10-01 00:00:00.000","Etablissement ouvert","SIE","","","","22 rue du Docteur Semmelweis","Centre commercial les Bleuets","76800","Saint-Etienne-du-Rouvray","76575","FRANCE","","","","","","","","","","","","","","","","7608_433_20181025_083111_8_ets.csv"
"842730574","7608","Rouen","2018B01294","0","","NEW","2018-11-29 08:50:13.000","2018-10-01 00:00:00.000","Etablissement ouvert","SIE","","","","22 rue du Docteur Semmelweis","Centre commercial les Bleuets","76800","Saint-Etienne-du-Rouvray","76575","FRANCE","","","","","","","","","","","","","","","","7608_466_20181129_085013_8_ets.csv"
"842730574","7608","Rouen","2018B01294","0","","NEW","2018-11-30 08:53:02.000","2018-10-01 00:00:00.000","Etablissement ouvert","SIE","","","","22 rue du Docteur Semmelweis","Centre commercial les Bleuets","76800","Saint-Etienne-du-Rouvray","76575","FRANCE","","","","","","","","","","","","","","","","7608_467_20181130_085302_8_ets.csv"
"842730574","7608","Rouen","2018B01294","0","","NEW","2019-07-09 09:19:34.000","2018-10-01 00:00:00.000","Etablissement ouvert","SIE","","","","22 rue du Docteur Semmelweis","Centre commercial les Bleuets","76800","Saint-Etienne-du-Rouvray","76575","FRANCE","","","","","","","","","","","","","","","","7608_656_20190709_091934_8_ets.csv"
"842730574","7608","Rouen","2018B01294","0","","NEW","2019-07-10 09:22:01.000","2018-10-03 00:00:00.000","Etablissement ouvert","SIE","","","","22 rue du Docteur Semmelweis","Centre commercial les Bleuets","76800","Saint-Etienne-du-Rouvray","76575","FRANCE","","","","","","","","","","","","","","","","7608_657_20190710_092201_8_ets.csv"
"842730574","7608","Rouen","2018B01294","1","","NEW","2019-07-10 09:22:01.000","2018-10-03 00:00:00.000","Etablissement ouvert","PRI","","","","27 route de Dieppe","","76960","Notre Dame de Bondeville","76474","FRANCE","","","","","","","LE FOURNIL DE CAILLY","non","non","non","2019-07-01","Boulangerie, pâtisserie","Achat"," - Précédent exploitant - LE FOURNIL DU CAILLY","Exploitation personnelle","7608_657_20190710_092201_8_ets.csv"
"842730582","7608","Rouen","2018B01385","1","","NEW","2018-10-19 11:17:53.000","2018-10-18 00:00:00.000","Etablissement ouvert","SEP","","","","53 route de Dieppe","","76770","Malaunay","76402","FRANCE","","","","","","","","non","non","non","2018-10-01","Exploitation d'une salle de sport. Coaching personnalisé, massages bien-être, technique manuelle de bien-être et lâcher prise, sophrologie","Création","","Exploitation directe","7608_429_20181019_111753_8_ets.csv"
"842730582","7608","Rouen","2018B01385","1","","NEW","2018-11-10 08:48:55.000","2018-10-18 00:00:00.000","Etablissement ouvert","SEP","","","","53 route de Dieppe","","76770","Malaunay","76402","FRANCE","","","","","","","","non","non","non","2018-10-01","Exploitation d'une salle de sport. Coaching personnalisé, massages bien-être, technique manuelle de bien-être et lâcher prise, sophrologie","Création","","Exploitation directe","7608_447_20181110_084855_8_ets.csv"
"842730590","5402","Nancy","2018B00998","1","IGNORE","NEW","2018-10-04 09:35:52.000","2018-10-01 00:00:00.000","Etablissement ouvert","SEP","","","","78 rue du Château des Princes","","54840","Gondreville","54232","FRANCE","","","","","","IDEAL PLATRERIE","","non","non","non","2018-10-01","Tous travaux de plâtrerie et tous travaux de peinture","Apport","Passage EI en société - Précédent propriétaire exploitant - CHEMMEL  - Stev","Exploitation directe","5402_378_20181004_093552_8_ets.csv"
"842730590","5402","Nancy","2018B00998","1","IGNORE","NEW","2019-04-03 09:25:21.000","2018-10-01 00:00:00.000","Etablissement ouvert","SEP","","","","78 rue du Château des Princes","","54840","Gondreville","54232","FRANCE","","","","","","IDEAL PLATRERIE","","non","non","non","2018-10-01","Tous travaux de plâtrerie et tous travaux de peinture","Apport","Passage EI en société - Précédent propriétaire exploitant - CHEMMEL  - Stev","Exploitation directe","5402_517_20190403_092521_8_ets.csv"
"842730590","5402","Nancy","2018B00998","1","IGNORE","NEW","2019-07-27 09:11:55.000","2018-10-01 00:00:00.000","Etablissement ouvert","SEP","","","","78 rue du Château des Princes","","54840","Gondreville","54232","FRANCE","","","","","","IDEAL PLATRERIE","","non","non","non","2018-10-01","Tous travaux de plâtrerie et tous travaux de peinture","Apport","Passage EI en société - Précédent propriétaire exploitant - CHEMMEL  - Stev","Exploitation directe","5402_607_20190727_091155_8_ets.csv"
"842730590","5402","Nancy","2018B00998","1","IGNORE","NEW","2019-08-28 09:17:08.000","2018-10-03 00:00:00.000","Etablissement ouvert","SEP","","","","553 rue Gabriel Mouilleron","","54200","Ecrouves","54174","FRANCE","","","","","","IDEAL PLATRERIE","","non","non","non","2018-10-01","Tous travaux de plâtrerie et tous travaux de peinture","Apport","Passage EI en société - Précédent propriétaire exploitant - CHEMMEL  - Stev","Exploitation directe","5402_631_20190828_091708_8_ets.csv"
"842730590","5402","Nancy","2018B00998","1","","Partiel","2019-09-22 00:00:00.000","2019-08-29 00:00:00.000","Etablissement ouvert","SEP","","","","553 rue Gabriel Mouilleron","","54200","Ecrouves","54174","FRANCE","","","","","","IDEAL PLATRERIE","","non","non","non","2018-10-01","Tous travaux de plâtrerie et tous travaux de peinture","Apport","assage EI en sociét - récédent propriétaire exploitan - CHEMMEL  - Stev","Exploitation directe","5402_S5_20190922_8_ets.csv"
"842730673","3801","Grenoble","2019A00771","1","","NEW","2019-05-31 08:51:09.000","2019-05-28 00:00:00.000","Etablissement ouvert","PRI","","","","4 Rue Traversine","","38650","Monestier-de-Clermont","38242","France","","","","","","LIMBERT","","non","non","non","2019-05-17","Vente en E-commerce tel que des casquettes, des bracelets et des tee-shirts etc...","Création","","Exploitation directe","3801_530_20190531_085109_8_ets.csv"
"842730673","3801","Grenoble","2019A00771","1","","NEW","2019-08-29 08:52:00.000","2019-05-28 00:00:00.000","Etablissement ouvert","PRI","","","","4 Rue Traversine","","38650","Monestier-de-Clermont","38242","France","","","","","","LIMBERT","","non","non","non","2019-05-17","Vente en E-commerce tel que des casquettes, des bracelets et des tee-shirts etc...","Création","","Exploitation directe","3801_593_20190829_085200_8_ets.csv"
"842730673","3801","Grenoble","2019A01610","1","","NEW","2019-11-21 09:32:37.000","2019-11-15 00:00:00.000","Etablissement ouvert","PRI","","","","4 Rue Traversine","","38650","Monestier-de-Clermont","38242","France","","","","","","LIMBERT","","non","non","non","2019-05-17","E commerce. Vente à distance d'articles de mode (t-shirts, casquettes, sweat shirts etc...).","Création","","Exploitation directe","3801_652_20191121_093237_8_ets.csv"
"842730699","6901","Lyon","2019A00520","1","","NEW","2019-01-29 08:58:52.000","2019-01-28 00:00:00.000","Etablissement ouvert","PRI","","","","17 Rue du Tonkin","","69100","Villeurbanne","69266","France","","","","","","","","non","non","non","2018-10-01","Apporteur d'affaires dans le domaine du tourisme.","Création","","Exploitation directe","6901_490_20190129_085852_8_ets.csv"
"842730780","3802","Vienne","2018A00878","1","","NEW","2018-10-24 09:01:29.000","2018-10-23 00:00:00.000","Etablissement ouvert","PRI","","","","10 Avenue de l'Europe","","38230","Chavanoz","38097","France","","","","","","ACHAL 38","","non","non","non","2018-10-28","Vente à distance sur catalogue général internet, import, export, internet.","Création","","Exploitation directe","3802_378_20181024_090129_8_ets.csv"
"842731002","5601","Lorient","2018B00891","1","","NEW","2018-10-04 08:41:49.000","2018-10-02 00:00:00.000","Etablissement ouvert","SEP","","","","6B rue François Toullec","","56100","Lorient","56121","FRANCE","","","","","","CABINET DELPHINE TRANVAUX","CABINET DELPHINE TRANVAUX","non","non","non","2018-10-01","Le conseil en ressources humaines : Recrutement, formation, coaching, orientation, bilans de compétence, conseil en management.","Création","","Exploitation directe","5601_376_20181004_084149_8_ets.csv"
"842731002","5601","Lorient","2018B00891","1","","NEW","2019-02-06 10:14:16.000","2018-10-02 00:00:00.000","Etablissement ouvert","PRI","","","","6B rue François Toullec","","56100","Lorient","56121","FRANCE","","","","","","CABINET DELPHINE TRANVAUX","CABINET DELPHINE TRANVAUX","non","non","non","2018-10-01","Le conseil en ressources humaines : Recrutement, formation, coaching, orientation, bilans de compétence, conseil en management.","Création","","Exploitation directe","5601_463_20190206_101416_8_ets.csv"
"842731002","5601","Lorient","2018B00891","1","","NEW","2019-02-07 09:01:23.000","2018-10-02 00:00:00.000","Etablissement ouvert","PRI","","","","6B rue François Toullec","","56100","Lorient","56121","FRANCE","","","","","","CABINET DELPHINE TRANVAUX","CABINET DELPHINE TRANVAUX","non","non","non","2018-10-01","Le conseil en ressources humaines : Recrutement, formation, coaching, orientation, bilans de compétence, conseil en management.","Création","","Exploitation directe","5601_464_20190207_090123_8_ets.csv"
"842731002","5601","Lorient","2018B00891","2","","NEW","2019-02-06 10:14:16.000","2018-10-02 00:00:00.000","Etablissement ouvert","SEP","","","","Cosquer Kergal","","56520","Guidel","56078","FRANCE","","","","","","CABINET DELPHINE TRANVAUX","CABINET DELPHINE TRANVAUX","non","non","non","2019-01-01","Le conseil en ressources humaines, recrutement, formation, coaching, orientation scolaire, universitaire, professionnelle et établissement de bilans de compétence. Le conseil en management, la formation en ressources humaines auprès d'entreprises","Création","","Exploitation directe","5601_463_20190206_101416_8_ets.csv"
"842731002","5601","Lorient","2018B00891","2","","NEW","2019-02-07 09:01:23.000","2018-10-02 00:00:00.000","Etablissement ouvert","SEP","","","","Cosquer Kergal","","56520","Guidel","56078","FRANCE","","","","","","CABINET DELPHINE TRANVAUX","CABINET DELPHINE TRANVAUX","non","non","non","2019-01-01","Le conseil en ressources humaines, recrutement, formation, coaching, orientation scolaire, universitaire, professionnelle et établissement de bilans de compétence. Le conseil en management, la formation en ressources humaines auprès d'entreprises","Création","","Exploitation directe","5601_464_20190207_090123_8_ets.csv"
"842731010","5601","Lorient","2018A00627","1","","NEW","2018-10-04 08:41:49.000","2018-10-02 00:00:00.000","Etablissement ouvert","PRI","","","","12 rue de la Résistance","Langroix","56700","Hennebont","56083","FRANCE","","","","","","LAVERIE AUTOMATIQUE PICAUT CELINE","CELI ' LAV","non","non","non","2018-10-01","Laverie automatique","Création","","Exploitation personnelle","5601_376_20181004_084149_8_ets.csv"
"842731010","5601","Lorient","2018A00627","1","","NEW","2018-10-11 08:54:47.000","2018-10-02 00:00:00.000","Etablissement ouvert","PRI","","","","12 rue de la Résistance","Langroix","56700","Hennebont","56083","FRANCE","","","","","","LAVERIE AUTOMATIQUE PICAUT CELINE","CELI ' LAV","non","non","non","2018-10-01","Laverie automatique","Création","","Exploitation personnelle","5601_381_20181011_085447_8_ets.csv"
"842731010","5601","Lorient","2018A00627","1","","NEW","2018-12-18 09:28:21.000","2018-10-02 00:00:00.000","Etablissement ouvert","PRI","","","","12 rue de la Résistance","Langroix","56700","Hennebont","56083","FRANCE","","","","","","LAVERIE AUTOMATIQUE PICAUT CELINE","CELI ' LAV","non","non","non","2018-10-01","Laverie automatique","Création","","Exploitation personnelle","5601_430_20181218_092821_8_ets.csv"
"842731010","5601","Lorient","2018A00627","1","","NEW","2018-12-20 08:50:42.000","2018-10-02 00:00:00.000","Etablissement ouvert","PRI","","","","12 rue de la Résistance","Langroix","56700","Hennebont","56083","FRANCE","","","","","","LAVERIE AUTOMATIQUE PICAUT CELINE","CELI ' LAV","non","non","non","2018-10-01","Laverie automatique","Création","","Exploitation personnelle","5601_432_20181220_085042_8_ets.csv"
"842731028","3102","Toulouse","2018B03914","1","","NEW","2018-10-06 09:45:39.000","2018-10-05 00:00:00.000","Etablissement ouvert","SIE","","","","Quartier Tuquet","","31360","Castillon-de-Saint-Martory","31124","France","","","","","","","","","","","","","","","","3102_364_20181006_094539_8_ets.csv"
"842731028","3102","Toulouse","2018B03914","2","","NEW","2018-10-06 09:45:39.000","2018-10-05 00:00:00.000","Etablissement ouvert","PRI","","","","Quartier Tuquet","","31360","Castillon-de-Saint-Martory","31124","France","","","","","","","","non","non","non","2018-08-12","Traiteur et organisation événementielle (repas avec animation pour fêter des événements).","Création","","Exploitation directe","3102_364_20181006_094539_8_ets.csv"
"842731051","7801","Evry","2018A01573","2","","NEW","2018-10-04 08:52:33.000","2018-10-02 00:00:00.000","Etablissement ouvert","PRI","","","7 Place Jules Vallès","","","91000","Évry","91228","FRANCE","","","","","","","","non","non","non","2018-11-01","Vente de produits alimentaires","Création","","Exploitation directe","7801_767_20181004_085233_8_ets.csv"
"842731051","7801","Evry","2018A01573","2","","NEW","2018-10-05 09:21:28.000","2018-10-03 00:00:00.000","Etablissement ouvert","PRI","","","7 Place Jules Vallès","","","91000","Évry","91228","FRANCE","","","","","","","","non","non","non","2018-11-01","Vente de produits alimentaires","Création","","Exploitation directe","7801_769_20181005_092128_8_ets.csv"
"842731051","7801","Evry","2018A01573","2","","NEW","2018-10-06 09:34:52.000","2018-10-03 00:00:00.000","Etablissement ouvert","PRI","","","7 Place Jules Vallès","","","91000","Évry","91228","FRANCE","","","","","","","","non","non","non","2018-11-01","Vente de produits alimentaires","Création","","Exploitation directe","7801_772_20181006_093452_8_ets.csv"
"842731051","7801","Evry","2018A01573","2","","NEW","2018-10-20 08:34:46.000","2018-10-03 00:00:00.000","Etablissement ouvert","PRI","","","7 Place Jules Vallès","","","91000","Évry","91228","FRANCE","","","","","","","","non","non","non","2018-11-01","Vente de produits alimentaires","Création","","Exploitation directe","7801_791_20181020_083446_8_ets.csv"
"842731051","7801","Evry","2018A01573","2","","NEW","2019-01-12 09:14:37.000","2018-10-03 00:00:00.000","Etablissement ouvert","PRI","","","7 Place Jules Vallès","","Évry","91000","Évry-Courcouronnes","91228","FRANCE","","","","","","","","non","non","non","2018-11-01","Vente de produits alimentaires","Création","","Exploitation directe","7801_910_20190112_091437_8_ets.csv"
"842731135","8302","Draguignan","2019A01070","1","","NEW","2019-12-20 09:22:32.000","2019-12-19 00:00:00.000","Etablissement ouvert","PRI","","","","990 Avenue Frédéric Henri Manhes","","83300","Draguignan","83050","FRANCE","","","","","","","","non","non","non","2019-10-13","vente de logiciels de gestion et de comptabilité, conseil en gestion d'entreprise","Création","","Exploitation personnelle","8302_694_20191220_092232_8_ets.csv"
"842731176","7301","Chambery","2018B01381","1","","NEW","2018-10-13 08:50:07.000","2018-10-12 00:00:00.000","Etablissement ouvert","SIE","","","480 A Route de Belmont Tramone","","","73330","Domessin","73100","FRANCE","","","","","","","","","","","","","","","","7301_718_20181013_085007_8_ets.csv"
"842731176","7301","Chambery","2018B01381","2","","NEW","2018-10-13 08:50:07.000","2018-10-12 00:00:00.000","Etablissement ouvert","PRI","","","480 A Route de Belmont Tramone","","","73330","Domessin","73100","FRANCE","","","","","","ULYSSE SAS","","non","non","non","2018-09-22","Conseil, encadrement d'art (cours et accompagnement dans cette activité) et photographie.","Création","","Exploitation directe","7301_718_20181013_085007_8_ets.csv"
"842731184","7301","Chambery","2018B01331","1","","NEW","2018-10-05 08:36:00.000","2018-10-04 00:00:00.000","Etablissement ouvert","SIE","","","1 Rue Massenet","","","73160","Cognin","73087","FRANCE","","","","","","","","","","","","","","","","7301_705_20181005_083600_8_ets.csv"
"842731184","7301","Chambery","2018B01331","2","","NEW","2018-10-05 08:36:00.000","2018-10-04 00:00:00.000","Etablissement ouvert","PRI","","","1 Rue Massenet","","","73160","Cognin","73087","FRANCE","","","","","","","","non","non","non","2018-10-01","Rénovation intérieure, activité du bâtiment pour le second oeuvre (VMC, électricité basse tension, plomberie, sanitaire, menuiserie intérieure, aménagement intérieure, plâtrerie, peinture, revêtements sols et murs)","Création","","Exploitation directe","7301_705_20181005_083600_8_ets.csv"
"842731234","3302","Bordeaux","2018B05050","1","","NEW","2018-10-06 09:23:31.000","2018-10-05 00:00:00.000","Etablissement ouvert","SIE","","","1B Boulevard Daniel Digneaux"," Lot a","","33510","Andernos-les-Bains","33005","FRANCE","","","","","","","","","","","","","","","","3302_853_20181006_092331_8_ets.csv"
"842731234","3302","Bordeaux","2018B05050","2","","NEW","2018-10-06 09:23:31.000","2018-10-05 00:00:00.000","Etablissement ouvert","PRI","","","1B Boulevard Daniel Digneaux"," Lot a","","33510","Andernos-les-Bains","33005","FRANCE","","","","","","","","non","non","non","2018-07-12","L'entretien la réparation et la location de bateaux et accessoires nautiques","Création","","Exploitation directe","3302_853_20181006_092331_8_ets.csv"
"842731242","3302","Bordeaux","2018B05048","1","","NEW","2018-10-06 09:23:31.000","2018-10-05 00:00:00.000","Etablissement ouvert","SIE","","","9 Rue des Capucines","","","33990","Naujac-sur-Mer","33300","FRANCE","","","","","","","","","","","","","","","","3302_853_20181006_092331_8_ets.csv"
"842731242","3302","Bordeaux","2018B05048","2","","NEW","2018-10-06 09:23:31.000","2018-10-05 00:00:00.000","Etablissement ouvert","PRI","","","9 Rue des Capucines","","","33990","Naujac-sur-Mer","33300","FRANCE","","","","","","","","non","non","non","2018-10-01","Le nettoyage lustrage de tous véhicules la carrosserie et la peinture de tous véhicules l'entretien et la réparation de coques et de structures en polyester de véhicules terrestres et nautiques","Création","","Exploitation directe","3302_853_20181006_092331_8_ets.csv"
"842731465","9201","Nanterre","2018A02378","2","","NEW","2018-10-11 08:42:14.000","2018-10-10 00:00:00.000","Etablissement ouvert","PRI","","","21 Rue Edmond Dubuis","","","92000","Nanterre","92050","FRANCE","","","","","","Prod-Elémentaire,com","","non","non","non","2018-10-01","Vente de produits non réglementés en lignes, coursier  livreur","Création","","Exploitation directe","9201_1099_20181011_084214_8_ets.csv"
"842731465","9201","Nanterre","2018A02378","2","","NEW","2018-10-12 08:56:28.000","2018-10-10 00:00:00.000","Etablissement ouvert","PRI","","","21 Rue Edmond Dubuis","","","92000","Nanterre","92050","FRANCE","","","","","","Prod-Elémentaire,com","","non","non","non","2018-10-01","Vente de produits non réglementés en lignes, coursier  livreur","Création","","Exploitation directe","9201_1103_20181012_085628_8_ets.csv"
"842731515","7802","Pontoise","2019A00283","2","","NEW","2019-02-12 09:14:00.000","2019-02-11 00:00:00.000","Etablissement ouvert","PRI","","","2 Allée Denis Diderot"," Chez Mr Matoussi Hilmi","","95200","Sarcelles","95585","FRANCE","","","","","","","","non","non","non","2019-02-11","Coursier a vélo","Création","","Exploitation directe","7802_920_20190212_091400_8_ets.csv"
"842731515","7802","Pontoise","2019A00283","2","","NEW","2019-02-15 08:48:21.000","2019-02-11 00:00:00.000","Etablissement ouvert","PRI","","","2 Allée Denis Diderot"," Chez Mr Matoussi Hilmi","","95200","Sarcelles","95585","FRANCE","","","","","","","","non","non","non","2019-02-11","Coursier a vélo","Création","","Exploitation directe","7802_926_20190215_084821_8_ets.csv"
"842731614","401","Manosque","2018A00307","1","","NEW","2018-10-10 08:38:42.000","2018-10-09 00:00:00.000","Etablissement ouvert","PRI","","","","3 Cour des Carmes","","04100","Manosque","04112","FRANCE","","","","","","","","non","non","non","2018-10-01","Vente de véhicules d'occasion et neufs","Création","","Exploitation personnelle","0401_367_20181010_083842_8_ets.csv"
"842731614","401","Manosque","2018A00307","1","","NEW","2018-10-20 08:57:15.000","2018-10-09 00:00:00.000","Etablissement ouvert","PRI","","","","3 Cour des Carmes","","04100","Manosque","04112","FRANCE","","","","","","","","non","non","non","2018-10-01","Vente de véhicules d'occasion et neufs","Création","","Exploitation personnelle","0401_375_20181020_085715_8_ets.csv"
"842731614","401","Manosque","2018A00307","1","","NEW","2019-11-14 09:34:39.000","2018-10-09 00:00:00.000","Etablissement ouvert","PRI","","","","3 Cour des Carmes","","04100","Manosque","04112","FRANCE","","","","","","","","non","non","non","2018-10-01","Vente de véhicules d'occasion et neufs","Création","","Exploitation personnelle","0401_662_20191114_093439_8_ets.csv"
"842731622","6601","Perpignan","2018B01267","1","","NEW","2018-10-04 09:30:16.000","2018-10-02 00:00:00.000","Etablissement ouvert","SIE","","","","9 Rue de la Fraternité","","66190","Collioure","66053","France","","","","","","","","","","","","","","","","6601_363_20181004_093016_8_ets.csv"
"842731622","6601","Perpignan","2018B01267","1","","NEW","2018-11-10 08:35:02.000","2018-10-02 00:00:00.000","Etablissement ouvert","SIE","","","","9 Rue de la Fraternité","","66190","Collioure","66053","France","","","","","","","","","","","","","","","","6601_390_20181110_083502_8_ets.csv"
"842731622","6601","Perpignan","2018B01267","1","","NEW","2018-11-13 08:55:48.000","2018-10-02 00:00:00.000","Etablissement ouvert","SIE","","","","9 Rue de la Fraternité","","66190","Collioure","66053","France","","","","","","","","","","","","","","","","6601_391_20181113_085548_8_ets.csv"
"842731622","6601","Perpignan","2018B01267","1","","NEW","2019-01-16 09:11:01.000","2018-10-02 00:00:00.000","Etablissement ouvert","SIE","","","","9 Rue de la Fraternité","","66190","Collioure","66053","France","","","","","","","","","","","","","","","","6601_436_20190116_091101_8_ets.csv"
"842731622","6601","Perpignan","2018B01267","1","","NEW","2019-02-12 09:25:53.000","2018-10-02 00:00:00.000","Etablissement ouvert","SIE","","","","9 Rue de la Fraternité","","66190","Collioure","66053","France","","","","","","","","","","","","","","","","6601_455_20190212_092553_8_ets.csv"
"842731622","6601","Perpignan","2018B01267","1","","NEW","2019-03-01 08:54:08.000","2018-10-02 00:00:00.000","Etablissement ouvert","SIE","","","","9 Rue de la Fraternité","","66190","Collioure","66053","France","","","","","","","","","","","","","","","","6601_468_20190301_085408_8_ets.csv"
"842731622","6601","Perpignan","2018B01267","2","","NEW","2018-11-10 08:35:02.000","2018-10-02 00:00:00.000","Etablissement ouvert","PRI","","","","9 Rue de la Fraternité","","66190","Collioure","66053","France","","","","","","","","non","non","non","2018-10-02","Commerce de détail, bijoux, décoration, souvenirs, art, textile, brocante et commerce de gros.","Création","","Exploitation directe","6601_390_20181110_083502_8_ets.csv"
"842731622","6601","Perpignan","2018B01267","2","","NEW","2018-11-13 08:55:48.000","2018-10-02 00:00:00.000","Etablissement ouvert","PRI","","","","9 Rue de la Fraternité","","66190","Collioure","66053","France","","","","","","","","non","non","non","2018-10-02","Commerce de détail, bijoux, décoration, souvenirs, art, textile, brocante et commerce de gros.","Création","","Exploitation directe","6601_391_20181113_085548_8_ets.csv"
"842731622","6601","Perpignan","2018B01267","2","","NEW","2019-01-16 09:11:01.000","2018-10-02 00:00:00.000","Etablissement ouvert","PRI","","","","9 Rue de la Fraternité","","66190","Collioure","66053","France","","","","","","","","non","non","non","2018-10-02","Commerce de détail, bijoux, décoration, souvenirs, art, textile, brocante et commerce de gros.","Création","","Exploitation directe","6601_436_20190116_091101_8_ets.csv"
"842731622","6601","Perpignan","2018B01267","2","","NEW","2019-02-12 09:25:53.000","2018-10-02 00:00:00.000","Etablissement ouvert","PRI","","","","8 Rue de la Fraternité","","66190","Collioure","66053","France","","","","","","","","non","non","non","2019-01-01","Commerce de détail de bijoux fantaisie et de vêtements","Achat"," - Précédent exploitant - EGUE  - Léopol","Exploitation directe","6601_455_20190212_092553_8_ets.csv"
"842731622","6601","Perpignan","2018B01267","2","","NEW","2019-03-01 08:54:08.000","2018-10-02 00:00:00.000","Etablissement ouvert","PRI","","","","8 Rue de la Fraternité","","66190","Collioure","66053","France","","","","","","","","non","non","non","2019-01-01","Commerce de détail de bijoux fantaisie et de vêtements","Achat"," - Précédent exploitant - EGUE  - Léopol","Exploitation directe","6601_468_20190301_085408_8_ets.csv"
"842731630","3902","Lons-le-Saunier","2018A00404","1","","NEW","2018-10-27 12:42:27.000","2018-10-26 00:00:00.000","Etablissement ouvert","PRI","","","","14 Rue de la Vouivre","","39300","Montrond","39364","France","","","","","","","","non","non","non","2018-09-03","Exploitation forestière.","Création","","Exploitation directe","3902_376_20181027_124227_8_ets.csv"
"842731655","3501","Rennes","2018B02026","1","","NEW","2018-10-04 09:22:32.000","2018-10-03 00:00:00.000","Etablissement ouvert","SIE","","","16 A  Bel Air","","","35330","La Chapelle-Bouëxic","35057","FRANCE","","","","","","","","","","","","","","","","3501_747_20181004_092232_8_ets.csv"
"842731655","3501","Rennes","2018B02026","2","","NEW","2018-10-04 09:22:32.000","2018-10-03 00:00:00.000","Etablissement ouvert","PRI","","","16 A  Bel Air","","","35330","La Chapelle-Bouëxic","35057","FRANCE","","","","","","EURL C.R.O.C BOIS","","non","non","non","2018-10-01","Charpente bois","Création","","Exploitation directe","3501_747_20181004_092232_8_ets.csv"
"842731721","401","Manosque","2018B00440","1","","NEW","2018-10-05 09:43:22.000","2018-10-04 00:00:00.000","Etablissement ouvert","SEP","","","","les Aires","","04700","Puimichel","04156","FRANCE","","","","","","FLEXI MECA","FLEXI MECA","non","non","non","2018-10-01","La mécanique automobile et agricole en clientèle, négoce de véhicules neufs et occasions","Création","","Exploitation directe","0401_364_20181005_094322_8_ets.csv"
"842731770","203","Soissons","2018B00308","1","","NEW","2018-10-04 09:22:05.000","2018-10-01 00:00:00.000","Etablissement ouvert","SIE","","","","2 Avenue Jean Jaurès","","02370","Vailly-sur-Aisne","02758","France","","","","","","","","","","","","","","","","0203_355_20181004_092205_8_ets.csv"
"842731770","203","Soissons","2018B00308","1","","NEW","2018-12-06 13:38:20.000","2018-10-01 00:00:00.000","Etablissement ouvert","SIE","","","","2 Avenue Jean Jaurès","","02370","Vailly-sur-Aisne","02758","France","","","","","","","","","","","","","","","","0203_398_20181206_133820_8_ets.csv"
"842731770","203","Soissons","2018B00308","1","","NEW","2019-03-12 08:56:03.000","2018-10-01 00:00:00.000","Etablissement ouvert","SIE","","","","2 Avenue Jean Jaurès","","02370","Vailly-sur-Aisne","02758","France","","","","","","","","","","","","","","","","0203_463_20190312_085603_8_ets.csv"
"842731770","203","Soissons","2018B00308","2","","NEW","2018-10-04 09:22:05.000","2018-10-01 00:00:00.000","Etablissement ouvert","PRI","","","","2 Avenue Jean Jaurès","","02370","Vailly-sur-Aisne","02758","France","","","","","","","Garage MERLET","non","non","non","2018-10-01","Entretien, réparation mécanique et électronique de tous véhicules automobiles neufs et d'occasion, carroserie, tôlerie, peinture, vente de pièces détachées neuves et d'occasion toutes marques, lubrifiants et produits d'entretien se rapportant à l'automobile, vente de véhicules neufs et d'occasion totues marques, dépannage et remorquage, débosselage sans peinture, location de véhicules, entretien, réparation mécanique et électronique de motocycles.","Création","","Exploitation directe","0203_355_20181004_092205_8_ets.csv"
"842731770","203","Soissons","2018B00308","2","","NEW","2018-12-06 13:38:20.000","2018-10-01 00:00:00.000","Etablissement ouvert","PRI","","","","2 Avenue Jean Jaurès","","02370","Vailly-sur-Aisne","02758","France","","","","","","","Garage MERLET","non","non","non","2018-10-01","Entretien, réparation mécanique et électronique de tous véhicules automobiles neufs et d'occasion, carroserie, tôlerie, peinture, vente de pièces détachées neuves et d'occasion toutes marques, lubrifiants et produits d'entretien se rapportant à l'automobile, vente de véhicules neufs et d'occasion totues marques, dépannage et remorquage, débosselage sans peinture, location de véhicules, entretien, réparation mécanique et électronique de motocycles.","Création","","Exploitation directe","0203_398_20181206_133820_8_ets.csv"
"842731770","203","Soissons","2018B00308","2","","NEW","2019-03-12 08:56:03.000","2018-10-01 00:00:00.000","Etablissement ouvert","PRI","","","","2 Avenue Jean Jaurès","","02370","Vailly-sur-Aisne","02758","France","","","","","","","Garage MERLET","non","non","non","2018-10-01","Entretien, réparation mécanique et électronique de tous véhicules automobiles neufs et d'occasion, carroserie, tôlerie, peinture, vente de pièces détachées neuves et d'occasion toutes marques, lubrifiants et produits d'entretien se rapportant à l'automobile, vente de véhicules neufs et d'occasion totues marques, dépannage et remorquage, débosselage sans peinture, location de véhicules, entretien, réparation mécanique et électronique de motocycles.","Création","","Exploitation directe","0203_463_20190312_085603_8_ets.csv"
"842731804","5001","Cherbourg","2018D00170","0","","NEW","2018-10-17 08:40:26.000","2018-10-16 00:00:00.000","Etablissement ouvert","SIE","","","","68 rue du Val de Saire","","50100","Cherbourg en cotentin","50129","FRANCE","","","","","","","","","","","","","","","","5001_376_20181017_084026_8_ets.csv"
"842731804","5001","Cherbourg","2018D00170","0","","NEW","2018-11-08 08:54:22.000","2018-10-16 00:00:00.000","Etablissement ouvert","SIE","","","","68 rue du Val de Saire","","50100","Cherbourg en cotentin","50129","FRANCE","","","","","","","","","","","","","","","","5001_391_20181108_085422_8_ets.csv"
"842731804","5001","Cherbourg","2018D00170","0","","NEW","2019-04-16 09:29:28.000","2018-10-16 00:00:00.000","Etablissement ouvert","SIE","","","","68 rue du Val de Saire","","50100","Cherbourg en cotentin","50129","FRANCE","","","","","","","","","","","","","","","","5001_512_20190416_092928_8_ets.csv"
"842731804","5001","Cherbourg","2018D00170","1","","NEW","2019-04-18 09:12:58.000","2018-10-16 00:00:00.000","Etablissement ouvert","SEP","","","","68 rue du Val de Saire","","50100","Cherbourg en cotentin","50129","FRANCE","","","","","","","","non","non","non","2018-10-01","la détention de participations dans le capital de sociétés ayant pour objet l'exercice de la profession de pharmaciens d'officine dans la limite de trois SEL de pharmaciens d'officine et la réalisation de toutes prestations au bénéfice des sociétés dans lesquelles elle détient des participations en ce compris toutes activités accessoires autorisées en relation direct avec l'objet","Création","","Exploitation directe","5001_513_20190418_091258_8_ets.csv"
"842731804","5001","Cherbourg","2018D00170","1","","NEW","2019-05-10 09:25:59.000","2018-10-16 00:00:00.000","Etablissement ouvert","SEP","","","","68 rue du Val de Saire","","50100","Cherbourg en cotentin","50129","FRANCE","","","","","","","","non","non","non","2018-10-01","la détention de participations dans le capital de sociétés ayant pour objet l'exercice de la profession de pharmaciens d'officine dans la limite de trois SEL de pharmaciens d'officine et la réalisation de toutes prestations au bénéfice des sociétés dans lesquelles elle détient des participations en ce compris toutes activités accessoires autorisées en relation direct avec l'objet","Création","","Exploitation directe","5001_528_20190510_092559_8_ets.csv"
"842731804","5001","Cherbourg","2018D00170","1","","NEW","2019-09-13 09:04:37.000","2018-10-16 00:00:00.000","Etablissement ouvert","SEP","","","","68 rue du Val de Saire","","50100","Cherbourg en cotentin","50129","FRANCE","","","","","","","","non","non","non","2018-10-01","la détention de participations dans le capital de sociétés ayant pour objet l'exercice de la profession de pharmaciens d'officine dans la limite de trois SEL de pharmaciens d'officine et la réalisation de toutes prestations au bénéfice des sociétés dans lesquelles elle détient des participations en ce compris toutes activités accessoires autorisées en relation direct avec l'objet","Création","","Exploitation directe","5001_624_20190913_090437_8_ets.csv"
"842732109","9401","Créteil","2019A00673","2","","NEW","2019-03-08 09:11:06.000","2019-03-05 00:00:00.000","Etablissement ouvert","PRI","","","80 Rue Jules Labaisse","","","94400","Vitry-sur-Seine","94081","FRANCE","","","","","","DIDINE","","non","non","non","2019-03-04","Food Truck.","Divers","","Exploitation directe","9401_1088_20190308_091106_8_ets.csv"
"842732109","9401","Créteil","2019A00673","2","","NEW","2019-03-12 08:49:46.000","2019-03-05 00:00:00.000","Etablissement ouvert","PRI","","","80 Rue Jules Labaisse","","","94400","Vitry-sur-Seine","94081","FRANCE","","","","","","DIDINE","","non","non","non","2019-03-04","Food Truck.","Divers","","Exploitation directe","9401_1091_20190312_084946_8_ets.csv"
"842732109","9401","Créteil","2019A00673","2","","NEW","2019-03-23 08:48:00.000","2019-03-05 00:00:00.000","Etablissement ouvert","PRI","","","80 Rue Jules Lagaisse","","","94400","Vitry-sur-Seine","94081","FRANCE","","","","","","DIDINE","","non","non","non","2019-03-04","Food Truck.","Divers","","Exploitation directe","9401_1109_20190323_084800_8_ets.csv"
"842732125","3102","Toulouse","2018A02456","1","","NEW","2018-10-04 08:35:42.000","2018-10-02 00:00:00.000","Etablissement ouvert","PRI","","","","les Rouges","","31560","Caignac","31099","France","","","","","","E.T.A","","non","non","non","2018-09-01","Travaux agricoles.","Création","","Exploitation directe","3102_362_20181004_083542_8_ets.csv"
"842732125","3102","Toulouse","2018A02456","1","","NEW","2019-04-05 08:47:22.000","2018-10-02 00:00:00.000","Etablissement ouvert","PRI","","","","les Rouges","","31560","Caignac","31099","France","","","","","","E.T.A","","non","non","non","2018-06-01","Travaux agricoles.","Création","","Exploitation directe","3102_493_20190405_084722_8_ets.csv"
"842732133","3102","Toulouse","2018B03876","1","","NEW","2018-10-04 08:35:42.000","2018-10-02 00:00:00.000","Etablissement ouvert","SIE","","","","4 Rue Pierre Belinguier","","31290","Villefranche-de-Lauragais","31582","France","","","","","","","","","","","","","","","","3102_362_20181004_083542_8_ets.csv"
"842732133","3102","Toulouse","2018B03876","1","","NEW","2019-02-12 08:45:02.000","2018-10-02 00:00:00.000","Etablissement ouvert","SIE","","","","4 Rue Pierre Belinguier","","31290","Villefranche-de-Lauragais","31582","France","","","","","","","","","","","","","","","","3102_455_20190212_084502_8_ets.csv"
"842732133","3102","Toulouse","2018B03876","1","","NEW","2019-02-21 09:18:29.000","2018-10-02 00:00:00.000","Etablissement ouvert","SIE","","","","4 Rue Pierre Belinguier","","31290","Villefranche-de-Lauragais","31582","France","","","","","","","","","","","","","","","","3102_462_20190221_091829_8_ets.csv"
"842732133","3102","Toulouse","2018B03876","2","","NEW","2019-02-21 09:18:29.000","2018-10-02 00:00:00.000","Etablissement ouvert","PRI","","","","4 Rue Pierre Belinguier","","31290","Villefranche-de-Lauragais","31582","France","","","","","","","CARRIERE MARIAGE","non","non","non","2018-12-04","Vente de robes de mariée et accessoires (et atelier).","Achat dans le cadre d'une liquidation judiciaire"," - Précédent exploitant - HOMME ET CORTEGE","Exploitation directe","3102_462_20190221_091829_8_ets.csv"
"842732141","1801","Bourges","2018A00389","1","","NEW","2018-10-04 09:45:19.000","2018-10-03 00:00:00.000","Etablissement ouvert","PRI","","","","5 rue de la Cure","","18300","Bue","18039","FRANCE","","","","","","MOMENTO RESTAURANT","MOMENTO RESTAURANT MOMENTO CAVE","non","non","non","2018-10-01","Restaurant traiteur à emporter cave vente de produits dérivés","Création","","Exploitation personnelle","1801_350_20181004_094519_8_ets.csv"
"842732141","1801","Bourges","2018A00389","1","","NEW","2018-10-09 08:52:12.000","2018-10-03 00:00:00.000","Etablissement ouvert","PRI","","","","5 rue de la Cure","","18300","Bue","18039","FRANCE","","","","","","MOMENTO RESTAURANT","MOMENTO RESTAURANT MOMENTO CAVE","non","non","non","2018-10-01","Restaurant traiteur à emporter cave vente de produits dérivés","Création","","Exploitation personnelle","1801_353_20181009_085212_8_ets.csv"
"842732141","1801","Bourges","2018A00389","1","","NEW","2019-06-08 08:48:29.000","2018-10-03 00:00:00.000","Etablissement ouvert","PRI","","","","5 rue de la Cure","","18300","Bue","18039","FRANCE","","","","","","MOMENTO RESTAURANT","MOMENTO RESTAURANT MOMENTO CAVE","non","non","non","2018-10-01","Restaurant traiteur à emporter cave vente de produits dérivés","Création","","Exploitation personnelle","1801_521_20190608_084829_8_ets.csv"
"842732158","8305","Toulon","2018A01625","1","","NEW","2018-10-18 08:56:46.000","2018-10-17 00:00:00.000","Etablissement ouvert","PRI","","","","282 Chemin De Rabasson","Bâtiment F Résidence les Platanes","83130","La Garde","83062","France","","","","","","KIFFE IMMO-AI","","non","non","non","2018-11-01","Transactions sur immeubles et fonds de commerces.","Création","","Exploitation directe","8305_719_20181018_085646_8_ets.csv"
"842732158","8305","Toulon","2018A01625","1","","NEW","2018-11-29 08:59:09.000","2018-10-17 00:00:00.000","Etablissement ouvert","PRI","","","","282 Chemin De Rabasson","Bâtiment F Résidence les Platanes","83130","La Garde","83062","France","","","","","","KIFFE IMMO-AI","","non","non","non","2018-11-01","Transactions sur immeubles et fonds de commerces.","Création","","Exploitation directe","8305_749_20181129_085909_8_ets.csv"
"842732182","7106","Mâcon","2018A00342","1","","NEW","2018-10-04 08:48:51.000","2018-10-02 00:00:00.000","Etablissement ouvert","PRI","","","","200 A Rue Winston Churchill","","71000","Mâcon","71270","France","","","","","","","","non","non","non","2018-10-01","vente de fruits et légumes sur les marchés","Création","","Exploitation directe","7106_362_20181004_084851_8_ets.csv"
"842732182","7106","Mâcon","2018A00342","1","","NEW","2019-06-27 09:05:20.000","2018-10-02 00:00:00.000","Etablissement ouvert","PRI","","","","200 A Rue Winston Churchill","","71000","Mâcon","71270","France","","","","","","","","non","non","non","2018-10-01","vente de fruits et légumes sur les marchés","Création","","Exploitation directe","7106_551_20190627_090520_8_ets.csv"
"842732240","6401","Bayonne","2018B01120","0","","NEW","2018-10-05 08:38:26.000","2018-10-04 00:00:00.000","Etablissement ouvert","SIE","","","","8 rue Belharra","","64500","Saint-Jean-de-Luz","64483","FRANCE","","","","","","","","","","","","","","","","6401_366_20181005_083826_8_ets.csv"
"842732240","6401","Bayonne","2018B01120","0","","NEW","2019-01-10 08:57:33.000","2018-10-04 00:00:00.000","Etablissement ouvert","SIE","","","","8 Rue Belharra","","64500","Saint-Jean-de-Luz","64483","FRANCE","","","","","","","","","","","","","","","","6401_444_20190110_085733_8_ets.csv"
"842732240","6401","Bayonne","2018B01120","1","","NEW","2019-01-17 09:06:40.000","2018-10-04 00:00:00.000","Etablissement ouvert","SEP","","","","8 Rue Belharra","","64500","Saint-Jean-de-Luz","64483","FRANCE","","","","","","","","non","non","non","2018-10-01","Aménagements paysagers","Achat"," - Précédent exploitant - ARZABAL  - Jean Dominiqu","Exploitation directe","6401_450_20190117_090640_8_ets.csv"
"842732240","6401","Bayonne","2018B01120","1","","NEW","2019-01-19 08:52:11.000","2018-10-04 00:00:00.000","Etablissement ouvert","SEP","","","","8 Rue Belharra","","64500","Saint-Jean-de-Luz","64483","FRANCE","","","","","","","","non","non","non","2018-10-01","Aménagements paysagers","Achat"," - Précédent exploitant - ARZABAL  - Jean Dominiqu","Exploitation directe","6401_452_20190119_085211_8_ets.csv"
"842732240","6401","Bayonne","2018B01120","1","","NEW","2019-02-05 09:11:33.000","2018-10-04 00:00:00.000","Etablissement ouvert","SEP","","","","8 Rue Belharra","","64500","Saint-Jean-de-Luz","64483","FRANCE","","","","","","","","non","non","non","2018-10-01","Aménagements paysagers","Achat"," - Précédent exploitant - ARZABAL  - Jean Dominiqu","Exploitation directe","6401_465_20190205_091133_8_ets.csv"
"842732240","6401","Bayonne","2018B01120","1","","NEW","2019-05-23 09:22:00.000","2018-10-04 00:00:00.000","Etablissement ouvert","SEP","","","","8 Rue Belharra","","64500","Saint-Jean-de-Luz","64483","FRANCE","","","","","","","","non","non","non","2018-10-01","Aménagements paysagers","Achat"," - Précédent exploitant - ARZABAL  - Jean Dominiqu","Exploitation directe","6401_572_20190523_092200_8_ets.csv"
"842732240","6401","Bayonne","2018B01120","1","","NEW","2019-06-05 08:58:53.000","2018-10-04 00:00:00.000","Etablissement ouvert","SEP","","","","8 Rue Belharra","","64500","Saint-Jean-de-Luz","64483","FRANCE","","","","","","","","non","non","non","2018-10-01","Aménagements paysagers","Achat"," - Précédent exploitant - ARZABAL  - Jean Dominiqu","Exploitation directe","6401_585_20190605_085853_8_ets.csv"
"842732257","1301","Aix-en-Provence","2018B02217","0","","NEW","2018-10-04 09:39:00.000","2018-10-01 00:00:00.000","Etablissement ouvert","SIE","","","","8 rue Gérard Montus","","13620","Carry-le-Rouet","13021","FRANCE","","","","","","","","","","","","","","","","1301_377_20181004_093900_8_ets.csv"
"842732257","1301","Aix-en-Provence","2018B02217","0","","NEW","2018-10-16 08:45:15.000","2018-10-01 00:00:00.000","Etablissement ouvert","SIE","","","","8 rue Gérard Montus","","13620","Carry-le-Rouet","13021","FRANCE","","","","","","","","","","","","","","","","1301_385_20181016_084515_8_ets.csv"
"842732257","1301","Aix-en-Provence","2018B02217","0","","NEW","2018-12-18 09:02:31.000","2018-10-01 00:00:00.000","Etablissement ouvert","SIE","","","","8 rue Gérard Montus","","13620","Carry-le-Rouet","13021","FRANCE","","","","","","","","","","","","","","","","1301_430_20181218_090231_8_ets.csv"
"842732257","1301","Aix-en-Provence","2018B02217","0","","NEW","2018-12-20 09:00:56.000","2018-10-01 00:00:00.000","Etablissement ouvert","SIE","","","","8 rue Gérard Montus","","13620","Carry-le-Rouet","13021","FRANCE","","","","","","","","","","","","","","","","1301_434_20181220_090056_8_ets.csv"
"842732257","1301","Aix-en-Provence","2018B02217","0","","NEW","2019-03-01 09:09:12.000","2018-10-01 00:00:00.000","Etablissement ouvert","SIE","","","","8 rue Gérard Montus","","13620","Carry-le-Rouet","13021","FRANCE","","","","","","","","","","","","","","","","1301_498_20190301_090912_8_ets.csv"
"842732257","1301","Aix-en-Provence","2018B02217","0","","NEW","2019-03-05 08:56:08.000","2018-10-01 00:00:00.000","Etablissement ouvert","SIE","","","","8 rue Gérard Montus","","13620","Carry-le-Rouet","13021","FRANCE","","","","","","","","","","","","","","","","1301_500_20190305_085608_8_ets.csv"
"842732257","1301","Aix-en-Provence","2018B02217","0","","NEW","2019-03-06 08:52:24.000","2018-10-01 00:00:00.000","Etablissement ouvert","SIE","","","","8 rue Gérard Montus","","13620","Carry-le-Rouet","13021","FRANCE","","","","","","","","","","","","","","","","1301_502_20190306_085224_8_ets.csv"
"842732257","1301","Aix-en-Provence","2018B02217","2","","NEW","2019-03-14 09:15:34.000","2018-10-01 00:00:00.000","Etablissement ouvert","SEP","","","","CD 6 - Plan de Campagne","","13170","Les Pennes Mirabeau","13071","FRANCE","","","","","","","","non","non","non","2019-01-31","L'achat et la vente de biens et produits d'équipements de la maison, de meubles meublants, tapis, luminaires, accessoires et objets de décoration et appareils électriques ou électroniques","Apport partiel d'actif"," - Précédent exploitant - PROVENCE EQUIPEMENT HABITAT","Exploitation directe","1301_509_20190314_091534_8_ets.csv"
"842732257","1301","Aix-en-Provence","2018B02217","2","","NEW","2019-03-16 08:52:39.000","2018-10-01 00:00:00.000","Etablissement ouvert","SEP","","","","CD 6 - Plan de Campagne","","13170","Les Pennes Mirabeau","13071","FRANCE","","","","","","","","non","non","non","2019-01-31","L'achat et la vente de biens et produits d'équipements de la maison, de meubles meublants, tapis, luminaires, accessoires et objets de décoration et appareils électriques ou électroniques","Apport partiel d'actif"," - Précédent exploitant - PROVENCE EQUIPEMENT HABITAT","Exploitation directe","1301_511_20190316_085239_8_ets.csv"
"842732257","1301","Aix-en-Provence","2018B02217","2","","NEW","2019-03-27 09:25:53.000","2018-10-01 00:00:00.000","Etablissement ouvert","SEP","","","","CD 6 - Plan de Campagne","","13170","Les Pennes Mirabeau","13071","FRANCE","","","","","","","","non","non","non","2019-01-31","L'achat et la vente de biens et produits d'équipements de la maison, de meubles meublants, tapis, luminaires, accessoires et objets de décoration et appareils électriques ou électroniques","Apport partiel d'actif"," - Précédent exploitant - PROVENCE EQUIPEMENT HABITAT","Exploitation directe","1301_519_20190327_092553_8_ets.csv"
"842732257","1301","Aix-en-Provence","2018B02217","2","","NEW","2019-05-24 09:18:04.000","2018-10-01 00:00:00.000","Etablissement ouvert","SEP","","","","CD 6 - Plan de Campagne","","13170","Les Pennes Mirabeau","13071","FRANCE","","","","","","","","non","non","non","2019-01-31","L'achat et la vente de biens et produits d'équipements de la maison, de meubles meublants, tapis, luminaires, accessoires et objets de décoration et appareils électriques ou électroniques.","Apport partiel d'actif"," - Précédent exploitant - PROVENCE EQUIPEMENT HABITAT","Exploitation directe","1301_566_20190524_091804_8_ets.csv"
"842732257","1301","Aix-en-Provence","2018B02217","2","","NEW","2019-06-06 09:01:32.000","2018-10-01 00:00:00.000","Etablissement ouvert","SEP","","","","CD 6 - Plan de Campagne","","13170","Les Pennes Mirabeau","13071","FRANCE","","","","","","","","non","non","non","2019-01-31","L'achat et la vente de biens et produits d'équipements de la maison, de meubles meublants, tapis, luminaires, accessoires et objets de décoration et appareils électriques ou électroniques.","Apport partiel d'actif"," - Précédent exploitant - PROVENCE EQUIPEMENT HABITAT","Exploitation directe","1301_575_20190606_090132_8_ets.csv"
"842732257","1301","Aix-en-Provence","2018B02217","2","","NEW","2019-06-28 09:16:17.000","2018-10-01 00:00:00.000","Etablissement ouvert","SEP","","","","CD 6 - Plan de Campagne","","13170","Les Pennes Mirabeau","13071","FRANCE","","","","","","","","non","non","non","2019-01-31","L'achat et la vente de biens et produits d'équipements de la maison, de meubles meublants, tapis, luminaires, accessoires et objets de décoration et appareils électriques ou électroniques.","Apport partiel d'actif"," - Précédent exploitant - PROVENCE EQUIPEMENT HABITAT","Exploitation directe","1301_593_20190628_091617_8_ets.csv"
"842732257","1301","Aix-en-Provence","2018B02217","2","","NEW","2019-08-31 09:00:12.000","2018-10-03 00:00:00.000","Etablissement ouvert","SEP","","","","CD 6 - Plan de Campagne","","13170","Les Pennes Mirabeau","13071","FRANCE","","","","","","","","non","non","non","2019-01-31","L'achat et la vente de biens et produits d'équipements de la maison, de meubles meublants, tapis, luminaires, accessoires et objets de décoration et appareils électriques ou électroniques.","Apport partiel d'actif"," - Précédent exploitant - PROVENCE EQUIPEMENT HABITAT","Exploitation directe","1301_646_20190831_090012_8_ets.csv"
"842732265","1301","Aix-en-Provence","2018B02224","1","","NEW","2018-10-04 09:39:00.000","2018-10-01 00:00:00.000","Etablissement ouvert","SEP","","","","7 route de Calas","","13240","Septèmes-les-Vallons","13106","FRANCE","","","","","","","","non","non","non","2018-09-24","Location d'engins avec ou sans chauffeur","Création","","Exploitation directe","1301_377_20181004_093900_8_ets.csv"
"842732265","1301","Aix-en-Provence","2018B02224","1","","NEW","2019-03-23 08:56:53.000","2018-10-01 00:00:00.000","Etablissement ouvert","SEP","","","","7 route de Calas","","13240","Septèmes-les-Vallons","13106","FRANCE","","","","","","","","non","non","non","2018-09-24","Location d'engins avec ou sans chauffeur","Création","","Exploitation directe","1301_516_20190323_085653_8_ets.csv"
"842732265","1301","Aix-en-Provence","2018B02224","1","","NEW","2019-03-27 09:12:52.000","2018-10-01 00:00:00.000","Etablissement ouvert","SEP","","","","7 route de Calas","","13240","Septèmes-les-Vallons","13106","FRANCE","","","","","","","","non","non","non","2018-09-24","Location d'engins avec ou sans chauffeur","Création","","Exploitation directe","1301_518_20190327_091252_8_ets.csv"
"842732265","1301","Aix-en-Provence","2018B02224","1","","NEW","2019-08-02 09:50:58.000","2018-10-01 00:00:00.000","Etablissement ouvert","SEP","","","","7 route de Calas","","13240","Septèmes-les-Vallons","13106","FRANCE","","","","","","","","non","non","non","2018-09-24","Location d'engins avec ou sans chauffeur","Création","","Exploitation directe","1301_623_20190802_095058_8_ets.csv"
"842732265","1301","Aix-en-Provence","2018B02224","1","","NEW","2019-12-04 09:11:39.000","2018-10-03 00:00:00.000","Etablissement ouvert","SEP","","","","7 Route de Calas","","13240","Septèmes-les-Vallons","13106","FRANCE","","","","","","","","non","non","non","2018-09-24","Location d'engins avec ou sans chauffeur","Création","","Exploitation directe","1301_728_20191204_091139_8_ets.csv"
"842732273","3405","Montpellier","2018B03243","0","","NEW","2018-10-04 08:38:42.000","2018-10-01 00:00:00.000","Etablissement ouvert","SIE","","","","254 avenue de Montpellier","","34270","Saint-Mathieu-de-Treviers","34276","FRANCE","","","","","","","","","","","","","","","","3405_442_20181004_083842_8_ets.csv"
"842732273","3405","Montpellier","2018B03243","0","","NEW","2018-10-05 09:22:09.000","2018-10-01 00:00:00.000","Etablissement ouvert","SIE","","","","254 avenue de Montpellier","","34270","Saint-Mathieu-de-Treviers","34276","FRANCE","","","","","","","","","","","","","","","","3405_444_20181005_092209_8_ets.csv"
"842732273","3405","Montpellier","2018B03243","0","","NEW","2018-10-06 08:49:28.000","2018-10-01 00:00:00.000","Etablissement ouvert","SIE","","","","254 avenue de Montpellier","","34270","Saint-Mathieu-de-Treviers","34276","FRANCE","","","","","","","","","","","","","","","","3405_445_20181006_084928_8_ets.csv"
"842732273","3405","Montpellier","2018B03243","0","","NEW","2018-10-11 08:59:49.000","2018-10-01 00:00:00.000","Etablissement ouvert","SIE","","","","254 avenue de Montpellier","","34270","Saint-Mathieu-de-Treviers","34276","FRANCE","","","","","","","","","","","","","","","","3405_449_20181011_085949_8_ets.csv"
"842732273","3405","Montpellier","2018B03243","0","","NEW","2019-03-13 09:01:42.000","2018-10-01 00:00:00.000","Etablissement ouvert","SIE","","","","254 avenue de Montpellier","","34270","Saint-Mathieu-de-Treviers","34276","FRANCE","","","","","","","","","","","","","","","","3405_615_20190313_090142_8_ets.csv"
"842732273","3405","Montpellier","2018B03243","0","","NEW","2019-03-16 08:57:13.000","2018-10-01 00:00:00.000","Etablissement ouvert","SIE","","","","254 avenue de Montpellier","","34270","Saint-Mathieu-de-Treviers","34276","FRANCE","","","","","","","","","","","","","","","","3405_619_20190316_085713_8_ets.csv"
"842732273","3405","Montpellier","2018B03243","0","","NEW","2019-03-19 08:59:15.000","2018-10-01 00:00:00.000","Etablissement ouvert","SIE","","","","254 avenue de Montpellier","","34270","Saint-Mathieu-de-Treviers","34276","FRANCE","","","","","","","","","","","","","","","","3405_621_20190319_085915_8_ets.csv"
"842732273","3405","Montpellier","2018B03243","0","","NEW","2019-03-23 08:57:21.000","2018-10-01 00:00:00.000","Etablissement ouvert","SIE","","","","254 avenue de Montpellier","","34270","Saint-Mathieu-de-Treviers","34276","FRANCE","","","","","","","","","","","","","","","","3405_627_20190323_085721_8_ets.csv"
"842732273","3405","Montpellier","2018B03243","1","","NEW","2019-03-29 09:22:58.000","2018-10-01 00:00:00.000","Etablissement ouvert","SEP","","","","254 avenue de Montpellier","","34270","Saint-Mathieu-de-Treviers","34276","FRANCE","","","","","","","","non","non","non","2019-01-01","L import export, la distribution et le négoce d'alcool, vins et spiritueux.","Création","","Exploitation directe","3405_635_20190329_092258_8_ets.csv"
"842732273","3405","Montpellier","2018B03243","1","","NEW","2019-04-11 09:16:17.000","2018-10-01 00:00:00.000","Etablissement ouvert","SEP","","","","254 avenue de Montpellier","","34270","Saint-Mathieu-de-Treviers","34276","FRANCE","","","","","","","","non","non","non","2019-01-01","L import export, la distribution et le négoce d'alcool, vins et spiritueux.","Création","","Exploitation directe","3405_649_20190411_091617_8_ets.csv"
"842732620","7702","Melun","2019A00223","2","","NEW","2019-02-28 09:05:21.000","2019-02-27 00:00:00.000","Etablissement ouvert","PRI","","","2 Allée des Cigognes"," la Butte Montceau","","77210","Avon","77014","FRANCE","","","","","","BALYSTAA","","non","non","non","2019-02-25","Vente en ligne de produits non réglementés","Création","","Exploitation directe","7702_902_20190228_090521_8_ets.csv"
"842732620","7702","Melun","2019A00223","2","","NEW","2019-03-01 09:08:14.000","2019-02-27 00:00:00.000","Etablissement ouvert","PRI","","","2 Allée des Cigognes"," la Butte Montceau","","77210","Avon","77014","FRANCE","","","","","","BALYSTAA","","non","non","non","2019-02-25","Vente en ligne de produits non réglementés","Création","","Exploitation directe","7702_904_20190301_090814_8_ets.csv"
